{"cameraMode":{"drawMode":0,"name":"Shaded","section":"Shading Mode"},"sceneLighting":false,"audioPlay":false,"sceneViewState":{"showFog":true,"showMaterialUpdate":true,"showSkybox":false,"showFlares":true,"showImageEffects":true,"showParticleSystems":true},"in2DMode":false,"pivot":{"x":6.104950904846191,"y":2.560457706451416,"z":-11.527307510375977},"rotation":{"x":0.08610360324382782,"y":0.7557987570762634,"z":-0.10150246322154999,"w":0.6411356925964356},"size":10.0,"orthographic":false}